Page Number,Title Number,Title Name
Page 1,Title 1,Smartproxy
Page 1,Title 2,Oxylabs
Page 1,Title 3,Bright Data
Page 1,Title 4,SOAX
Page 1,Title 5,NetNut
Page 1,Title 6,Proxydrop
Page 1,Title 7,Rayobyte
Page 1,Title 8,GeoSurf
Page 1,Title 9,Zyte (Crawlera)
Page 1,Title 10,IPRoyal
Page 1,Title 11,PacketStream
Page 1,Title 12,Shifter
Page 2,Title 1,Multilogin
Page 2,Title 2,GoLogin
Page 2,Title 3,Infatica
Page 2,Title 4,Storm Proxies
Page 2,Title 5,SERPMaster
Page 2,Title 6,AstroProxy
Page 2,Title 7,InstantProxies
Page 2,Title 8,RSocks
Page 2,Title 9,Iced Out Proxies
Page 2,Title 10,Brazy Kicks
Page 2,Title 11,The Proxy Store
Page 2,Title 12,LimeProxies
Page 3,Title 1,HighProxies
Page 3,Title 2,MyPrivateProxy
